ID             ; Nom              ; Email                  ; Téléphone       ; Sport      ; Date        ; Créneau; Durée ; Prix ; Statut      ; Créé le
"RES-MO783SFR" ; "Thomas Meurier" ; "t.meurier13@gmail.com"; "07 88 08 92 46"; "badminton"; "2026-04-20"; "10:00"; "1h"  ; "16€"; "confirmée" ; "2026-04-20T13:21:03.159Z"
"RES-91245601H"; "Jan Louda"      ; "j.louda@bcco.fr"      ; "07 78 90 12 34"; "badminton"; "2026-04-22"; "18:00"; "1h"  ; "16€"; "en attente"; "2026-04-20T12:48:38.705Z"
"RES-91245595B"; "Léonice Huet"   ; "l.huet@bcco.fr"       ; "06 12 34 56 78"; "badminton"; "2026-04-21"; "13:00"; "1.5h"; "24€"; "confirmée" ; "2026-04-20T10:51:57.059Z"
"RES-91245602I"; "Eloi Adam"      ; "e.adam@bcco.fr"       ; "06 11 22 33 44"; "badminton"; "2026-05-03"; "19:00"; "2h"  ; "32€"; "confirmée" ; "2026-04-20T07:32:17.052Z"
"RES-91245603J"; "Hugo Martin"    ; "h.martin@gmail.com"   ; "06 55 66 77 88"; "pickle"   ; "2026-04-28"; "11:00"; "1h"  ; "18€"; "confirmée" ; "2026-04-19T21:47:03.844Z"
"RES-91245598E"; "Marcus Ellis"   ; "m.ellis@bcco.fr"      ; "07 45 67 89 01"; "badminton"; "2026-05-04"; "15:00"; "1h"  ; "16€"; "confirmée" ; "2026-04-19T08:58:24.508Z"
"RES-91245594A"; "Thomas Meurier" ; "t.meurier13@gmail.com"; "07 88 08 92 46"; "badminton"; "2026-04-30"; "12:00"; "1h"  ; "16€"; "confirmée" ; "2026-04-19T04:57:33.125Z"
"RES-91245604K"; "Camille Dupont" ; "c.dupont@gmail.com"   ; "07 66 77 88 99"; "badminton"; "2026-04-24"; "20:00"; "1h"  ; "16€"; "en attente"; "2026-04-18T20:41:55.743Z"
"RES-91245605L"; "Emma Petit"     ; "e.petit@gmail.com"    ; "06 77 88 99 00"; "badminton"; "2026-04-24"; "09:00"; "1.5h"; "24€"; "confirmée" ; "2026-04-18T14:58:35.720Z"
"RES-91245600G"; "Michelle Li"    ; "m.li@bcco.fr"         ; "06 67 89 01 23"; "badminton"; "2026-05-04"; "17:00"; "1.5h"; "24€"; "confirmée" ; "2026-04-18T07:24:46.653Z"
"RES-91245597D"; "Fabien Delrue"  ; "f.delrue@bcco.fr"     ; "06 34 56 78 90"; "badminton"; "2026-04-27"; "10:00"; "2h"  ; "32€"; "en attente"; "2026-04-17T22:45:57.731Z"
"RES-91245599F"; "Lauren Smith"   ; "l.smith@bcco.fr"      ; "07 56 78 90 12"; "pickle"   ; "2026-05-04"; "16:00"; "1h"  ; "18€"; "annulée"   ; "2026-04-16T17:25:51.684Z"
"RES-91245596C"; "Delphine Delrue"; "d.delrue@bcco.fr"     ; "06 23 45 67 89"; "pickle"   ; "2026-04-23"; "14:00"; "1h"  ; "18€"; "confirmée" ; "2026-04-14T19:05:35.787Z"